x;n = 10;n = 25;n = 50;n = 100
1,99843;0,047168828;0,019232021;0,009527019;0,004606784
1,99686;0,046347939;0,01845699;0,008790529;0,003929118
1,99529;0,045586039;0,017730132;0,00811839;0,003353924
1,99372;0,044835464;0,017030809;0,007496698;0,002862217
1,99215;0,044096064;0,016358018;0,006921739;0,002441985
1,99058;0,043367689;0,015710794;0,006390066;0,002082927
1,98901;0,042650193;0,015088203;0,005898481;0,001776214
1,98744;0,04194343;0,014489345;0,005444017;0,00151428
1,98587;0,041247257;0,013913351;0,005023926;0,001290646
1,9843;0,040561533;0,013359384;0,004635655;0,001099758
1,98273;0,039886117;0,012826633;0,00427684;9,37E-04
1,98116;0,039220871;0,012314319;0,003945288;7,98E-04
1,97959;0,038565658;0,011821689;0,003638967;6,79E-04
1,97802;0,037920343;0,011348017;0,003355993;5,78E-04
1,97645;0,037284792;0,010892602;0,003094619;4,92E-04
1,97488;0,036658873;0,010454768;0,002853227;4,19E-04
1,97331;0,036042455;0,010033863;0,00263032;3,56E-04
1,97174;0,035435411;0,00962926;0,002424507;3,03E-04
1,97017;0,034837612;0,009240351;0,002234502;2,57E-04
1,9686;0,034248933;0,008866552;0,002059115;2,19E-04
1,96703;0,033669249;0,0085073;0,001897241;1,86E-04
1,96546;0,033098438;0,00816205;0,00174786;1,58E-04
1,96389;0,032536378;0,007830278;0,001610024;1,34E-04
1,96232;0,031982949;0,00751148;0,001482858;1,14E-04
1,96075;0,031438034;0,007205168;0,001365553;9,66E-05
1,95918;0,030901514;0,006910872;0,001257357;8,20E-05
1,95761;0,030373274;0,00662814;0,001157576;6,96E-05
1,95604;0,029853201;0,006356535;0,001065568;5,90E-05
1,95447;0,029341181;0,006095636;9,81E-04;5,00E-05
1,9529;0,028837102;0,00584504;9,03E-04;4,24E-05
1,95133;0,028340856;0,005604354;8,30E-04;3,59E-05
1,94976;0,027852332;0,005373202;7,64E-04;3,04E-05
1,94819;0,027371425;0,005151223;7,03E-04;2,58E-05
1,94662;0,026898026;0,004938065;6,46E-04;2,18E-05
1,94505;0,026432033;0,004733393;5,94E-04;1,85E-05
1,94348;0,025973341;0,004536881;5,47E-04;1,56E-05
1,94191;0,025521847;0,004348219;5,03E-04;1,32E-05
1,94034;0,025077452;0,004167104;4,62E-04;1,12E-05
1,93877;0,024640055;0,003993246;4,25E-04;9,46E-06
1,9372;0,024209559;0,003826367;3,90E-04;7,99E-06
1,93563;0,023785864;0,003666196;3,59E-04;6,75E-06
1,93406;0,023368876;0,003512476;3,29E-04;5,71E-06
1,93249;0,0229585;0,003364957;3,03E-04;4,82E-06
1,93092;0,022554642;0,003223398;2,78E-04;4,07E-06
1,92935;0,022157209;0,003087568;2,55E-04;3,43E-06
1,92778;0,02176611;0,002957245;2,34E-04;2,90E-06
1,92621;0,021381255;0,002832214;2,15E-04;2,44E-06
1,92464;0,021002555;0,002712269;1,97E-04;2,06E-06
1,92307;0,020629921;0,00259721;1,81E-04;1,74E-06
1,9215;0,020263268;0,002486848;1,66E-04;1,46E-06
1,91993;0,019902508;0,002380997;1,53E-04;1,23E-06
1,91836;0,019547558;0,002279481;1,40E-04;1,04E-06
1,91679;0,019198334;0,002182129;1,28E-04;8,76E-07
1,91522;0,018854754;0,002088776;1,18E-04;7,37E-07
1,91365;0,018516735;0,001999267;1,08E-04;6,20E-07
1,91208;0,018184197;0,001913447;9,90E-05;5,22E-07
1,91051;0,017857061;0,001831172;9,08E-05;4,39E-07
1,90894;0,017535249;0,0017523;8,32E-05;3,69E-07
1,90737;0,017218682;0,001676697;7,62E-05;3,10E-07
1,9058;0,016907286;0,001604232;6,98E-05;2,61E-07
1,90423;0,016600983;0,00153478;6,40E-05;2,19E-07
1,90266;0,0162997;0,001468221;5,86E-05;1,84E-07
1,90109;0,016003363;0,001404439;5,37E-05;1,54E-07
1,89952;0,0157119;0,001343323;4,92E-05;1,30E-07
1,89795;0,015425238;0,001284766;4,50E-05;1,09E-07
1,89638;0,015143308;0,001228664;4,12E-05;9,12E-08
1,89481;0,014866039;0,00117492;3,77E-05;7,65E-08
1,89324;0,014593363;0,001123438;3,45E-05;6,41E-08
1,89167;0,014325211;0,001074125;3,16E-05;5,38E-08
1,8901;0,014061516;0,001026896;2,89E-05;4,50E-08
1,88853;0,013802213;9,82E-04;2,64E-05;3,77E-08
1,88696;0,013547235;9,38E-04;2,42E-05;3,16E-08
1,88539;0,013296518;8,97E-04;2,21E-05;2,64E-08
1,88382;0,01305;8,57E-04;2,02E-05;2,21E-08
1,88225;0,012807616;8,19E-04;1,85E-05;1,85E-08
1,88068;0,012569304;7,83E-04;1,69E-05;1,55E-08
1,87911;0,012335005;7,48E-04;1,54E-05;1,29E-08
1,87754;0,012104656;7,15E-04;1,41E-05;1,08E-08
1,87597;0,011878199;6,83E-04;1,29E-05;9,03E-09
1,8744;0,011655575;6,52E-04;1,18E-05;7,54E-09
1,87283;0,011436726;6,23E-04;1,07E-05;6,29E-09
1,87126;0,011221595;5,95E-04;9,81E-06;5,25E-09
1,86969;0,011010125;5,68E-04;8,96E-06;4,38E-09
1,86812;0,01080226;5,43E-04;8,18E-06;3,65E-09
1,86655;0,010597946;5,18E-04;7,46E-06;3,05E-09
1,86498;0,010397128;4,95E-04;6,81E-06;2,54E-09
1,86341;0,010199753;4,72E-04;6,21E-06;2,12E-09
1,86184;0,010005768;4,51E-04;5,67E-06;1,76E-09
1,86027;0,009815122;4,30E-04;5,17E-06;1,47E-09
1,8587;0,009627761;4,11E-04;4,71E-06;1,22E-09
1,85713;0,009443637;3,92E-04;4,30E-06;1,02E-09
1,85556;0,009262699;3,74E-04;3,92E-06;8,45E-10
1,85399;0,009084897;3,57E-04;3,57E-06;7,03E-10
1,85242;0,008910184;3,40E-04;3,25E-06;5,84E-10
1,85085;0,008738511;3,25E-04;2,96E-06;4,86E-10
1,84928;0,00856983;3,10E-04;2,70E-06;4,03E-10
1,84771;0,008404096;2,96E-04;2,46E-06;3,35E-10
1,84614;0,008241262;2,82E-04;2,24E-06;2,78E-10
1,84457;0,008081283;2,69E-04;2,04E-06;2,31E-10
1,843;0,007924114;2,56E-04;1,86E-06;1,91E-10
1,84143;0,00776971;2,44E-04;1,69E-06;1,59E-10
1,83986;0,007618029;2,33E-04;1,54E-06;1,32E-10
1,83829;0,007469028;2,22E-04;1,40E-06;1,09E-10
1,83672;0,007322664;2,12E-04;1,27E-06;9,03E-11
1,83515;0,007178895;2,02E-04;1,16E-06;7,48E-11
1,83358;0,007037681;1,92E-04;1,05E-06;6,19E-11
1,83201;0,00689898;1,83E-04;9,57E-07;5,12E-11
1,83044;0,006762752;1,75E-04;8,70E-07;4,24E-11
1,82887;0,006628959;1,67E-04;7,90E-07;3,50E-11
1,8273;0,006497562;1,59E-04;7,18E-07;2,90E-11
1,82573;0,006368521;1,51E-04;6,52E-07;2,39E-11
1,82416;0,0062418;1,44E-04;5,93E-07;1,98E-11
1,82259;0,00611736;1,37E-04;5,38E-07;1,63E-11
1,82102;0,005995165;1,31E-04;4,89E-07;1,35E-11
1,81945;0,00587518;1,24E-04;4,44E-07;1,11E-11
1,81788;0,005757367;1,18E-04;4,03E-07;9,17E-12
1,81631;0,005641693;1,13E-04;3,66E-07;7,56E-12
1,81474;0,005528122;1,07E-04;3,32E-07;6,23E-12
1,81317;0,00541662;1,02E-04;3,01E-07;5,13E-12
1,8116;0,005307153;9,73E-05;2,73E-07;4,23E-12
1,81003;0,005199689;9,26E-05;2,47E-07;3,48E-12
1,80846;0,005094194;8,81E-05;2,24E-07;2,86E-12
1,80689;0,004990636;8,38E-05;2,03E-07;2,36E-12
1,80532;0,004888983;7,98E-05;1,84E-07;1,94E-12
1,80375;0,004789205;7,59E-05;1,67E-07;1,59E-12
1,80218;0,004691269;7,22E-05;1,51E-07;1,31E-12
1,80061;0,004595146;6,87E-05;1,37E-07;1,07E-12
1,79904;0,004500806;6,53E-05;1,24E-07;8,82E-13
1,79747;0,004408219;6,21E-05;1,12E-07;7,24E-13
1,7959;0,004317355;5,91E-05;1,02E-07;5,94E-13
1,79433;0,004228187;5,62E-05;9,21E-08;4,87E-13
1,79276;0,004140686;5,34E-05;8,33E-08;3,99E-13
1,79119;0,004054824;5,08E-05;7,54E-08;3,27E-13
1,78962;0,003970573;4,82E-05;6,82E-08;2,68E-13
1,78805;0,003887907;4,59E-05;6,17E-08;2,19E-13
1,78648;0,003806799;4,36E-05;5,58E-08;1,80E-13
1,78491;0,003727222;4,14E-05;5,04E-08;1,47E-13
1,78334;0,003649151;3,93E-05;4,56E-08;1,20E-13
1,78177;0,00357256;3,74E-05;4,12E-08;9,82E-14
1,7802;0,003497424;3,55E-05;3,72E-08;8,03E-14
1,77863;0,003423719;3,37E-05;3,36E-08;6,56E-14
1,77706;0,00335142;3,20E-05;3,03E-08;5,35E-14
1,77549;0,003280503;3,04E-05;2,74E-08;4,37E-14
1,77392;0,003210944;2,89E-05;2,47E-08;3,56E-14
1,77235;0,003142721;2,74E-05;2,23E-08;2,91E-14
1,77078;0,003075809;2,60E-05;2,01E-08;2,37E-14
1,76921;0,003010188;2,47E-05;1,82E-08;1,93E-14
1,76764;0,002945833;2,35E-05;1,64E-08;1,57E-14
1,76607;0,002882725;2,23E-05;1,48E-08;1,28E-14
1,7645;0,00282084;2,11E-05;1,33E-08;1,04E-14
1,76293;0,002760158;2,00E-05;1,20E-08;8,49E-15
1,76136;0,002700657;1,90E-05;1,08E-08;6,90E-15
1,75979;0,002642318;1,80E-05;9,75E-09;5,60E-15
1,75822;0,00258512;1,71E-05;8,78E-09;4,55E-15
1,75665;0,002529043;1,62E-05;7,91E-09;3,68E-15
1,75508;0,002474067;1,54E-05;7,12E-09;3,01E-15
1,75351;0,002420172;1,46E-05;6,41E-09;2,43E-15
1,75194;0,002367341;1,38E-05;5,77E-09;1,99E-15
1,75037;0,002315554;1,31E-05;5,19E-09;1,61E-15
1,7488;0,002264793;1,24E-05;4,67E-09;1,30E-15
1,74723;0,002215039;1,18E-05;4,20E-09;1,05E-15
1,74566;0,002166275;1,12E-05;3,78E-09;8,37E-16
1,74409;0,002118483;1,06E-05;3,39E-09;7,03E-16
1,74252;0,002071645;1,00E-05;3,05E-09;5,70E-16
1,74095;0,002025745;9,50E-06;2,74E-09;4,82E-16
1,73938;0,001980766;9,00E-06;2,46E-09;3,93E-16
1,73781;0,001936691;8,52E-06;2,21E-09;3,67E-16
1,73624;0,001893504;8,07E-06;1,99E-09;3,08E-16
1,73467;0,001851189;7,64E-06;1,78E-09;2,90E-16
1,7331;0,001809731;7,23E-06;1,60E-09;2,94E-16
1,73153;0,001769113;6,85E-06;1,44E-09;2,78E-16
1,72996;0,00172932;6,48E-06;1,29E-09;2,52E-16
1,72839;0,001690339;6,13E-06;1,16E-09;2,79E-16
1,72682;0,001652152;5,81E-06;1,04E-09;2,52E-16
1,72525;0,001614747;5,49E-06;9,29E-10;2,63E-16
1,72368;0,001578109;5,20E-06;8,33E-10;2,65E-16
1,72211;0,001542224;4,92E-06;7,46E-10;2,54E-16
1,72054;0,001507077;4,65E-06;6,68E-10;2,50E-16
1,71897;0,001472656;4,40E-06;5,99E-10;2,40E-16
1,7174;0,001438947;4,16E-06;5,36E-10;2,43E-16
1,71583;0,001405936;3,93E-06;4,80E-10;2,30E-16
1,71426;0,001373612;3,72E-06;4,29E-10;2,41E-16
1,71269;0,00134196;3,51E-06;3,84E-10;2,34E-16
1,71112;0,001310969;3,32E-06;3,44E-10;2,34E-16
1,70955;0,001280626;3,14E-06;3,07E-10;2,34E-16
1,70798;0,001250919;2,97E-06;2,75E-10;2,50E-16
1,70641;0,001221836;2,80E-06;2,46E-10;2,36E-16
1,70484;0,001193366;2,65E-06;2,20E-10;2,48E-16
1,70327;0,001165496;2,50E-06;1,96E-10;2,49E-16
1,7017;0,001138216;2,36E-06;1,75E-10;2,37E-16
1,70013;0,001111514;2,23E-06;1,56E-10;2,34E-16
1,69856;0,001085379;2,11E-06;1,40E-10;2,26E-16
1,69699;0,001059801;1,99E-06;1,25E-10;2,43E-16
1,69542;0,001034769;1,88E-06;1,11E-10;2,33E-16
1,69385;0,001010273;1,77E-06;9,92E-11;2,31E-16
1,69228;9,86E-04;1,67E-06;8,85E-11;2,27E-16
1,69071;9,63E-04;1,58E-06;7,89E-11;2,45E-16
1,68914;9,40E-04;1,49E-06;7,03E-11;2,29E-16
1,68757;9,17E-04;1,40E-06;6,27E-11;2,44E-16
1,686;8,95E-04;1,32E-06;5,58E-11;2,30E-16
1,68443;8,74E-04;1,25E-06;4,97E-11;2,35E-16
1,68286;8,53E-04;1,18E-06;4,43E-11;2,18E-16
1,68129;8,32E-04;1,11E-06;3,94E-11;2,36E-16
1,67972;8,12E-04;1,05E-06;3,51E-11;2,33E-16
1,67815;7,93E-04;9,87E-07;3,12E-11;2,33E-16
1,67658;7,73E-04;9,30E-07;2,78E-11;2,40E-16
1,67501;7,55E-04;8,76E-07;2,47E-11;2,27E-16
1,67344;7,36E-04;8,26E-07;2,19E-11;2,50E-16
1,67187;7,18E-04;7,78E-07;1,95E-11;2,19E-16
1,6703;7,01E-04;7,33E-07;1,73E-11;2,50E-16
1,66873;6,83E-04;6,90E-07;1,54E-11;2,18E-16
1,66716;6,66E-04;6,50E-07;1,37E-11;2,47E-16
1,66559;6,50E-04;6,12E-07;1,21E-11;2,18E-16
1,66402;6,34E-04;5,76E-07;1,08E-11;2,35E-16
1,66245;6,18E-04;5,42E-07;9,55E-12;2,24E-16
1,66088;6,03E-04;5,10E-07;8,47E-12;2,32E-16
1,65931;5,88E-04;4,80E-07;7,51E-12;2,42E-16
1,65774;5,73E-04;4,52E-07;6,66E-12;2,21E-16
1,65617;5,59E-04;4,25E-07;5,90E-12;2,46E-16
1,6546;5,45E-04;4,00E-07;5,23E-12;2,11E-16
1,65303;5,31E-04;3,76E-07;4,63E-12;2,22E-16
1,65146;5,18E-04;3,53E-07;4,10E-12;2,25E-16
1,64989;5,05E-04;3,32E-07;3,63E-12;2,08E-16
1,64832;4,92E-04;3,12E-07;3,21E-12;2,01E-16
1,64675;4,79E-04;2,93E-07;2,84E-12;1,22E-16
1,64518;4,67E-04;2,76E-07;2,51E-12;1,15E-16
1,64361;4,55E-04;2,59E-07;2,22E-12;1,19E-16
1,64204;4,43E-04;2,43E-07;1,96E-12;1,19E-16
1,64047;4,32E-04;2,29E-07;1,74E-12;1,17E-16
1,6389;4,21E-04;2,15E-07;1,53E-12;1,16E-16
1,63733;4,10E-04;2,02E-07;1,35E-12;1,14E-16
1,63576;4,00E-04;1,89E-07;1,19E-12;1,12E-16
1,63419;3,89E-04;1,78E-07;1,05E-12;1,16E-16
1,63262;3,79E-04;1,67E-07;9,30E-13;1,15E-16
1,63105;3,69E-04;1,56E-07;8,20E-13;1,15E-16
1,62948;3,60E-04;1,47E-07;7,23E-13;1,12E-16
1,62791;3,50E-04;1,38E-07;6,38E-13;1,17E-16
1,62634;3,41E-04;1,29E-07;5,62E-13;1,11E-16
1,62477;3,32E-04;1,21E-07;4,95E-13;1,18E-16
1,6232;3,23E-04;1,14E-07;4,36E-13;1,14E-16
1,62163;3,15E-04;1,06E-07;3,84E-13;1,11E-16
1,62006;3,06E-04;9,98E-08;3,38E-13;1,14E-16
1,61849;2,98E-04;9,35E-08;2,97E-13;1,10E-16
1,61692;2,90E-04;8,77E-08;2,61E-13;1,14E-16
1,61535;2,82E-04;8,21E-08;2,30E-13;1,12E-16
1,61378;2,75E-04;7,69E-08;2,02E-13;1,08E-16
1,61221;2,68E-04;7,20E-08;1,77E-13;1,08E-16
1,61064;2,60E-04;6,75E-08;1,56E-13;1,08E-16
1,60907;2,53E-04;6,32E-08;1,37E-13;1,06E-16
1,6075;2,46E-04;5,91E-08;1,20E-13;1,02E-16
1,60593;2,40E-04;5,53E-08;1,05E-13;1,02E-16
1,60436;2,33E-04;5,18E-08;9,23E-14;1,13E-16
1,60279;2,27E-04;4,84E-08;8,09E-14;9,91E-17
1,60122;2,21E-04;4,53E-08;7,09E-14;1,02E-16
1,59965;2,15E-04;4,24E-08;6,22E-14;1,13E-16
1,59808;2,09E-04;3,96E-08;5,44E-14;1,10E-16
1,59651;2,03E-04;3,70E-08;4,77E-14;1,02E-16
1,59494;1,97E-04;3,46E-08;4,17E-14;1,08E-16
1,59337;1,92E-04;3,24E-08;3,65E-14;1,05E-16
1,5918;1,87E-04;3,02E-08;3,19E-14;1,02E-16
1,59023;1,81E-04;2,83E-08;2,79E-14;1,07E-16
1,58866;1,76E-04;2,64E-08;2,44E-14;1,04E-16
1,58709;1,71E-04;2,46E-08;2,13E-14;1,12E-16
1,58552;1,67E-04;2,30E-08;1,86E-14;1,01E-16
1,58395;1,62E-04;2,15E-08;1,62E-14;1,12E-16
1,58238;1,57E-04;2,01E-08;1,42E-14;1,14E-16
1,58081;1,53E-04;1,87E-08;1,24E-14;1,02E-16
1,57924;1,49E-04;1,75E-08;1,08E-14;1,06E-16
1,57767;1,44E-04;1,63E-08;9,41E-15;1,02E-16
1,5761;1,40E-04;1,52E-08;8,20E-15;1,04E-16
1,57453;1,36E-04;1,42E-08;7,15E-15;9,74E-17
1,57296;1,32E-04;1,32E-08;6,22E-15;1,03E-16
1,57139;1,28E-04;1,23E-08;5,41E-15;9,89E-17
1,56982;1,25E-04;1,15E-08;4,70E-15;9,61E-17
1,56825;1,21E-04;1,07E-08;4,09E-15;1,01E-16
1,56668;1,18E-04;9,96E-09;3,56E-15;1,01E-16
1,56511;1,14E-04;9,28E-09;3,09E-15;1,05E-16
1,56354;1,11E-04;8,64E-09;2,68E-15;9,55E-17
1,56197;1,08E-04;8,04E-09;2,33E-15;1,03E-16
1,5604;1,04E-04;7,49E-09;2,02E-15;1,01E-16
1,55883;1,01E-04;6,97E-09;1,76E-15;1,02E-16
1,55726;9,84E-05;6,48E-09;1,53E-15;9,93E-17
1,55569;9,55E-05;6,03E-09;1,32E-15;1,07E-16
1,55412;9,26E-05;5,61E-09;1,15E-15;1,00E-16
1,55255;8,99E-05;5,22E-09;9,87E-16;9,89E-17
1,55098;8,72E-05;4,85E-09;8,60E-16;9,64E-17
1,54941;8,46E-05;4,51E-09;7,43E-16;9,96E-17
1,54784;8,20E-05;4,19E-09;6,40E-16;9,55E-17
1,54627;7,96E-05;3,89E-09;5,58E-16;1,00E-16
1,5447;7,72E-05;3,62E-09;4,76E-16;9,20E-17
1,54313;7,48E-05;3,36E-09;4,14E-16;9,05E-17
1,54156;7,26E-05;3,12E-09;3,53E-16;9,83E-17
1,53999;7,04E-05;2,89E-09;3,10E-16;9,83E-17
1,53842;6,82E-05;2,69E-09;2,70E-16;9,09E-17
1,53685;6,61E-05;2,49E-09;2,37E-16;9,18E-17
1,53528;6,41E-05;2,31E-09;2,01E-16;9,78E-17
1,53371;6,21E-05;2,14E-09;1,75E-16;9,50E-17
1,53214;6,02E-05;1,99E-09;1,54E-16;9,37E-17
1,53057;5,83E-05;1,84E-09;1,39E-16;9,01E-17
1,529;5,65E-05;1,71E-09;1,27E-16;9,64E-17
1,52743;5,47E-05;1,58E-09;1,18E-16;1,03E-16
1,52586;5,30E-05;1,47E-09;1,04E-16;9,39E-17
1,52429;5,14E-05;1,36E-09;1,07E-16;8,90E-17
1,52272;4,98E-05;1,26E-09;9,66E-17;8,69E-17
1,52115;4,82E-05;1,17E-09;1,07E-16;1,07E-16
1,51958;4,67E-05;1,08E-09;9,42E-17;9,42E-17
1,51801;4,52E-05;9,98E-10;9,54E-17;9,60E-17
1,51644;4,37E-05;9,23E-10;9,91E-17;9,03E-17
1,51487;4,23E-05;8,54E-10;9,27E-17;9,19E-17
1,5133;4,10E-05;7,90E-10;8,69E-17;9,75E-17
1,51173;3,97E-05;7,30E-10;8,99E-17;9,05E-17
1,51016;3,84E-05;6,75E-10;9,40E-17;9,47E-17
1,50859;3,71E-05;6,23E-10;8,56E-17;8,56E-17
1,50702;3,59E-05;5,76E-10;1,07E-16;1,07E-16
1,50545;3,48E-05;5,32E-10;9,50E-17;9,50E-17
1,50388;3,36E-05;4,91E-10;9,65E-17;9,65E-17
1,50231;3,25E-05;4,53E-10;8,68E-17;8,68E-17
1,50074;3,15E-05;4,18E-10;9,10E-17;9,10E-17
1,49917;3,04E-05;3,86E-10;1,05E-16;1,05E-16
1,4976;2,94E-05;3,56E-10;8,18E-17;8,18E-17
1,49603;2,85E-05;3,28E-10;8,95E-17;8,95E-17
1,49446;2,75E-05;3,03E-10;8,54E-17;8,54E-17
1,49289;2,66E-05;2,79E-10;9,34E-17;9,34E-17
1,49132;2,57E-05;2,57E-10;9,91E-17;9,91E-17
1,48975;2,48E-05;2,37E-10;8,98E-17;8,98E-17
1,48818;2,40E-05;2,18E-10;8,27E-17;8,27E-17
1,48661;2,32E-05;2,01E-10;8,40E-17;8,40E-17
1,48504;2,24E-05;1,85E-10;9,35E-17;9,35E-17
1,48347;2,16E-05;1,70E-10;9,78E-17;9,78E-17
1,4819;2,09E-05;1,57E-10;8,53E-17;8,53E-17
1,48033;2,02E-05;1,44E-10;8,09E-17;8,09E-17
1,47876;1,95E-05;1,32E-10;8,43E-17;8,43E-17
1,47719;1,88E-05;1,22E-10;8,52E-17;8,52E-17
1,47562;1,82E-05;1,12E-10;9,78E-17;9,78E-17
1,47405;1,75E-05;1,03E-10;9,10E-17;9,10E-17
1,47248;1,69E-05;9,44E-11;8,38E-17;8,38E-17
1,47091;1,63E-05;8,66E-11;7,93E-17;7,93E-17
1,46934;1,58E-05;7,95E-11;8,40E-17;8,40E-17
1,46777;1,52E-05;7,30E-11;9,12E-17;9,12E-17
1,4662;1,47E-05;6,70E-11;8,93E-17;8,93E-17
1,46463;1,42E-05;6,14E-11;8,79E-17;8,79E-17
1,46306;1,36E-05;5,63E-11;8,15E-17;8,15E-17
1,46149;1,32E-05;5,16E-11;8,58E-17;8,58E-17
1,45992;1,27E-05;4,73E-11;8,43E-17;8,43E-17
1,45835;1,22E-05;4,33E-11;9,80E-17;9,80E-17
1,45678;1,18E-05;3,97E-11;8,52E-17;8,52E-17
1,45521;1,14E-05;3,63E-11;8,22E-17;8,22E-17
1,45364;1,10E-05;3,32E-11;8,35E-17;8,35E-17
1,45207;1,06E-05;3,04E-11;8,67E-17;8,67E-17
1,4505;1,02E-05;2,78E-11;8,75E-17;8,75E-17
1,44893;9,80E-06;2,54E-11;9,02E-17;9,02E-17
1,44736;9,44E-06;2,32E-11;8,33E-17;8,33E-17
1,44579;9,09E-06;2,12E-11;8,32E-17;8,32E-17
1,44422;8,76E-06;1,94E-11;7,99E-17;7,99E-17
1,44265;8,43E-06;1,77E-11;8,00E-17;8,00E-17
1,44108;8,12E-06;1,62E-11;8,89E-17;8,89E-17
1,43951;7,81E-06;1,48E-11;8,25E-17;8,25E-17
1,43794;7,52E-06;1,35E-11;8,28E-17;8,28E-17
1,43637;7,24E-06;1,23E-11;7,91E-17;7,91E-17
1,4348;6,96E-06;1,12E-11;7,53E-17;7,53E-17
1,43323;6,70E-06;1,02E-11;8,52E-17;8,52E-17
1,43166;6,44E-06;9,29E-12;8,18E-17;8,18E-17
1,43009;6,20E-06;8,46E-12;7,98E-17;7,98E-17
1,42852;5,96E-06;7,71E-12;8,42E-17;8,42E-17
1,42695;5,73E-06;7,01E-12;7,52E-17;7,52E-17
1,42538;5,51E-06;6,38E-12;7,77E-17;7,77E-17
1,42381;5,29E-06;5,80E-12;8,30E-17;8,30E-17
1,42224;5,09E-06;5,28E-12;7,96E-17;7,96E-17
1,42067;4,89E-06;4,80E-12;7,80E-17;7,80E-17
1,4191;4,70E-06;4,36E-12;7,68E-17;7,68E-17
1,41753;4,51E-06;3,96E-12;8,29E-17;8,29E-17
1,41596;4,33E-06;3,59E-12;7,51E-17;7,51E-17
1,41439;4,16E-06;3,26E-12;8,56E-17;8,56E-17
1,41282;4,00E-06;2,96E-12;7,99E-17;7,99E-17
1,41125;3,84E-06;2,68E-12;7,43E-17;7,43E-17
1,40968;3,68E-06;2,43E-12;8,31E-17;8,31E-17
1,40811;3,53E-06;2,20E-12;7,34E-17;7,34E-17
1,40654;3,39E-06;2,00E-12;7,78E-17;7,78E-17
1,40497;3,25E-06;1,81E-12;7,42E-17;7,42E-17
1,4034;3,12E-06;1,64E-12;8,42E-17;8,42E-17
1,40183;2,99E-06;1,48E-12;7,54E-17;7,54E-17
1,40026;2,87E-06;1,34E-12;7,02E-17;7,02E-17
1,39869;2,75E-06;1,21E-12;8,10E-17;8,10E-17
1,39712;2,64E-06;1,09E-12;7,36E-17;7,36E-17
1,39555;2,53E-06;9,87E-13;7,76E-17;7,76E-17
1,39398;2,42E-06;8,91E-13;8,65E-17;8,65E-17
1,39241;2,32E-06;8,05E-13;7,83E-17;7,83E-17
1,39084;2,22E-06;7,26E-13;7,19E-17;7,19E-17
1,38927;2,13E-06;6,55E-13;7,83E-17;7,83E-17
1,3877;2,04E-06;5,90E-13;8,00E-17;8,00E-17
1,38613;1,95E-06;5,32E-13;7,56E-17;7,56E-17
1,38456;1,87E-06;4,79E-13;7,50E-17;7,50E-17
1,38299;1,79E-06;4,31E-13;8,45E-17;8,45E-17
1,38142;1,71E-06;3,88E-13;7,52E-17;7,52E-17
1,37985;1,64E-06;3,49E-13;6,86E-17;6,86E-17
1,37828;1,57E-06;3,14E-13;7,61E-17;7,61E-17
1,37671;1,50E-06;2,82E-13;7,57E-17;7,57E-17
1,37514;1,43E-06;2,53E-13;7,38E-17;7,38E-17
1,37357;1,37E-06;2,27E-13;6,90E-17;6,90E-17
1,372;1,31E-06;2,04E-13;8,04E-17;8,04E-17
1,37043;1,25E-06;1,83E-13;7,16E-17;7,16E-17
1,36886;1,20E-06;1,64E-13;6,74E-17;6,74E-17
1,36729;1,14E-06;1,47E-13;7,64E-17;7,64E-17
1,36572;1,09E-06;1,32E-13;7,33E-17;7,33E-17
1,36415;1,04E-06;1,18E-13;7,46E-17;7,46E-17
1,36258;9,95E-07;1,06E-13;7,17E-17;7,17E-17
1,36101;9,50E-07;9,45E-14;7,51E-17;7,51E-17
1,35944;9,06E-07;8,45E-14;6,95E-17;6,95E-17
1,35787;8,65E-07;7,55E-14;7,35E-17;7,35E-17
1,3563;8,25E-07;6,74E-14;6,99E-17;6,99E-17
1,35473;7,87E-07;6,02E-14;7,75E-17;7,75E-17
1,35316;7,50E-07;5,37E-14;7,27E-17;7,27E-17
1,35159;7,15E-07;4,79E-14;7,08E-17;7,08E-17
1,35002;6,81E-07;4,27E-14;7,14E-17;7,14E-17
1,34845;6,49E-07;3,81E-14;7,04E-17;7,04E-17
1,34688;6,19E-07;3,39E-14;6,96E-17;6,96E-17
1,34531;5,89E-07;3,02E-14;6,76E-17;6,76E-17
1,34374;5,61E-07;2,68E-14;6,61E-17;6,61E-17
1,34217;5,34E-07;2,38E-14;7,56E-17;7,56E-17
1,3406;5,08E-07;2,12E-14;7,42E-17;7,42E-17
1,33903;4,84E-07;1,88E-14;6,68E-17;6,68E-17
1,33746;4,60E-07;1,67E-14;6,86E-17;6,86E-17
1,33589;4,38E-07;1,48E-14;6,64E-17;6,64E-17
1,33432;4,16E-07;1,31E-14;6,93E-17;6,93E-17
1,33275;3,96E-07;1,16E-14;6,86E-17;6,86E-17
1,33118;3,76E-07;1,03E-14;7,01E-17;7,01E-17
1,32961;3,58E-07;9,12E-15;7,43E-17;7,43E-17
1,32804;3,40E-07;8,07E-15;6,79E-17;6,79E-17
1,32647;3,23E-07;7,13E-15;6,71E-17;6,71E-17
1,3249;3,06E-07;6,30E-15;6,98E-17;6,98E-17
1,32333;2,91E-07;5,56E-15;6,66E-17;6,66E-17
1,32176;2,76E-07;4,92E-15;6,85E-17;6,85E-17
1,32019;2,62E-07;4,33E-15;6,87E-17;6,87E-17
1,31862;2,48E-07;3,82E-15;6,87E-17;6,87E-17
1,31705;2,35E-07;3,37E-15;7,18E-17;7,18E-17
1,31548;2,23E-07;2,96E-15;7,04E-17;7,04E-17
1,31391;2,12E-07;2,60E-15;7,54E-17;7,54E-17
1,31234;2,00E-07;2,29E-15;6,88E-17;6,88E-17
1,31077;1,90E-07;2,01E-15;6,78E-17;6,78E-17
1,3092;1,80E-07;1,77E-15;6,79E-17;6,79E-17
1,30763;1,70E-07;1,55E-15;6,66E-17;6,66E-17
1,30606;1,61E-07;1,36E-15;6,50E-17;6,50E-17
1,30449;1,52E-07;1,19E-15;7,16E-17;7,16E-17
1,30292;1,44E-07;1,04E-15;6,71E-17;6,71E-17
1,30135;1,36E-07;9,09E-16;6,26E-17;6,26E-17
1,29978;1,29E-07;7,90E-16;7,33E-17;7,33E-17
1,29821;1,22E-07;6,99E-16;6,27E-17;6,27E-17
1,29664;1,15E-07;6,05E-16;6,33E-17;6,33E-17
1,29507;1,09E-07;5,27E-16;6,88E-17;6,88E-17
1,2935;1,03E-07;4,59E-16;6,57E-17;6,57E-17
1,29193;9,69E-08;4,05E-16;6,41E-17;6,41E-17
1,29036;9,15E-08;3,49E-16;7,22E-17;7,22E-17
1,28879;8,63E-08;3,04E-16;6,66E-17;6,66E-17
1,28722;8,14E-08;2,64E-16;6,99E-17;6,99E-17
1,28565;7,67E-08;2,29E-16;6,43E-17;6,43E-17
1,28408;7,23E-08;1,99E-16;6,39E-17;6,39E-17
1,28251;6,81E-08;1,73E-16;4,00E-17;4,00E-17
1,28094;6,41E-08;1,50E-16;3,36E-17;3,36E-17
1,27937;6,04E-08;1,30E-16;3,56E-17;3,56E-17
1,2778;5,68E-08;1,11E-16;3,20E-17;3,20E-17
1,27623;5,35E-08;9,96E-17;3,26E-17;3,26E-17
1,27466;5,03E-08;8,41E-17;3,06E-17;3,06E-17
1,27309;4,73E-08;7,31E-17;3,37E-17;3,37E-17
1,27152;4,44E-08;6,33E-17;3,14E-17;3,14E-17
1,26995;4,17E-08;5,62E-17;3,37E-17;3,37E-17
1,26838;3,92E-08;5,32E-17;3,64E-17;3,64E-17
1,26681;3,68E-08;4,66E-17;3,40E-17;3,40E-17
1,26524;3,45E-08;4,26E-17;3,50E-17;3,50E-17
1,26367;3,24E-08;3,68E-17;2,99E-17;2,99E-17
1,2621;3,04E-08;3,67E-17;3,19E-17;3,19E-17
1,26053;2,85E-08;3,87E-17;3,12E-17;3,12E-17
1,25896;2,67E-08;3,31E-17;3,46E-17;3,46E-17
1,25739;2,50E-08;3,43E-17;2,96E-17;2,96E-17
1,25582;2,34E-08;3,30E-17;3,66E-17;3,66E-17
1,25425;2,19E-08;3,07E-17;3,29E-17;3,29E-17
1,25268;2,05E-08;3,42E-17;3,42E-17;3,42E-17
1,25111;1,91E-08;3,24E-17;3,24E-17;3,24E-17
1,24954;1,79E-08;2,95E-17;2,95E-17;2,95E-17
1,24797;1,67E-08;2,93E-17;2,93E-17;2,93E-17
1,2464;1,56E-08;3,02E-17;3,02E-17;3,02E-17
1,24483;1,46E-08;3,30E-17;3,30E-17;3,30E-17
1,24326;1,36E-08;3,12E-17;3,12E-17;3,12E-17
1,24169;1,27E-08;3,13E-17;3,13E-17;3,13E-17
1,24012;1,18E-08;3,37E-17;3,37E-17;3,37E-17
1,23855;1,10E-08;3,12E-17;3,12E-17;3,12E-17
1,23698;1,03E-08;3,29E-17;3,29E-17;3,29E-17
1,23541;9,54E-09;2,85E-17;2,85E-17;2,85E-17
1,23384;8,88E-09;2,88E-17;2,88E-17;2,88E-17
1,23227;8,26E-09;3,03E-17;3,03E-17;3,03E-17
1,2307;7,67E-09;2,93E-17;2,93E-17;2,93E-17
1,22913;7,13E-09;3,18E-17;3,18E-17;3,18E-17
1,22756;6,62E-09;3,13E-17;3,13E-17;3,13E-17
1,22599;6,14E-09;3,23E-17;3,23E-17;3,23E-17
1,22442;5,70E-09;2,89E-17;2,89E-17;2,89E-17
1,22285;5,28E-09;3,19E-17;3,19E-17;3,19E-17
1,22128;4,89E-09;3,24E-17;3,24E-17;3,24E-17
1,21971;4,53E-09;2,82E-17;2,82E-17;2,82E-17
1,21814;4,19E-09;2,96E-17;2,96E-17;2,96E-17
1,21657;3,88E-09;2,96E-17;2,96E-17;2,96E-17
1,215;3,59E-09;3,00E-17;3,00E-17;3,00E-17
1,21343;3,31E-09;3,07E-17;3,07E-17;3,07E-17
1,21186;3,06E-09;2,91E-17;2,91E-17;2,91E-17
1,21029;2,82E-09;2,75E-17;2,75E-17;2,75E-17
1,20872;2,60E-09;2,91E-17;2,91E-17;2,91E-17
1,20715;2,40E-09;2,96E-17;2,96E-17;2,96E-17
1,20558;2,21E-09;2,71E-17;2,71E-17;2,71E-17
1,20401;2,04E-09;2,71E-17;2,71E-17;2,71E-17
1,20244;1,87E-09;2,81E-17;2,81E-17;2,81E-17
1,20087;1,72E-09;2,83E-17;2,83E-17;2,83E-17
1,1993;1,58E-09;2,83E-17;2,83E-17;2,83E-17
1,19773;1,45E-09;3,09E-17;3,09E-17;3,09E-17
1,19616;1,33E-09;2,93E-17;2,93E-17;2,93E-17
1,19459;1,22E-09;2,69E-17;2,69E-17;2,69E-17
1,19302;1,12E-09;3,00E-17;3,00E-17;3,00E-17
1,19145;1,02E-09;2,99E-17;2,99E-17;2,99E-17
1,18988;9,37E-10;2,57E-17;2,57E-17;2,57E-17
1,18831;8,57E-10;2,61E-17;2,61E-17;2,61E-17
1,18674;7,83E-10;2,79E-17;2,79E-17;2,79E-17
1,18517;7,14E-10;2,77E-17;2,77E-17;2,77E-17
1,1836;6,52E-10;2,81E-17;2,81E-17;2,81E-17
1,18203;5,94E-10;2,90E-17;2,90E-17;2,90E-17
1,18046;5,41E-10;3,04E-17;3,04E-17;3,04E-17
1,17889;4,92E-10;2,72E-17;2,72E-17;2,72E-17
1,17732;4,47E-10;2,92E-17;2,92E-17;2,92E-17
1,17575;4,06E-10;2,89E-17;2,89E-17;2,89E-17
1,17418;3,69E-10;2,66E-17;2,66E-17;2,66E-17
1,17261;3,34E-10;2,64E-17;2,64E-17;2,64E-17
1,17104;3,03E-10;2,73E-17;2,73E-17;2,73E-17
1,16947;2,74E-10;2,84E-17;2,84E-17;2,84E-17
1,1679;2,48E-10;2,75E-17;2,75E-17;2,75E-17
1,16633;2,24E-10;3,02E-17;3,02E-17;3,02E-17
1,16476;2,02E-10;3,08E-17;3,08E-17;3,08E-17
1,16319;1,82E-10;2,55E-17;2,55E-17;2,55E-17
1,16162;1,64E-10;2,77E-17;2,77E-17;2,77E-17
1,16005;1,48E-10;2,87E-17;2,87E-17;2,87E-17
1,15848;1,33E-10;2,45E-17;2,45E-17;2,45E-17
1,15691;1,19E-10;2,65E-17;2,65E-17;2,65E-17
1,15534;1,07E-10;2,54E-17;2,54E-17;2,54E-17
1,15377;9,58E-11;2,70E-17;2,70E-17;2,70E-17
1,1522;8,57E-11;2,84E-17;2,84E-17;2,84E-17
1,15063;7,66E-11;2,45E-17;2,45E-17;2,45E-17
1,14906;6,84E-11;2,78E-17;2,78E-17;2,78E-17
1,14749;6,10E-11;2,58E-17;2,58E-17;2,58E-17
1,14592;5,43E-11;2,56E-17;2,56E-17;2,56E-17
1,14435;4,83E-11;2,72E-17;2,72E-17;2,72E-17
1,14278;4,29E-11;2,53E-17;2,53E-17;2,53E-17
1,14121;3,81E-11;2,45E-17;2,45E-17;2,45E-17
1,13964;3,37E-11;2,41E-17;2,41E-17;2,41E-17
1,13807;2,99E-11;2,62E-17;2,62E-17;2,62E-17
1,1365;2,64E-11;2,76E-17;2,76E-17;2,76E-17
1,13493;2,33E-11;2,79E-17;2,79E-17;2,79E-17
1,13336;2,05E-11;2,37E-17;2,37E-17;2,37E-17
1,13179;1,80E-11;1,57E-17;1,57E-17;1,57E-17
1,13022;1,58E-11;1,37E-17;1,37E-17;1,37E-17
1,12865;1,39E-11;1,32E-17;1,32E-17;1,32E-17
1,12708;1,22E-11;1,34E-17;1,34E-17;1,34E-17
1,12551;1,06E-11;1,26E-17;1,26E-17;1,26E-17
1,12394;9,28E-12;1,30E-17;1,30E-17;1,30E-17
1,12237;8,08E-12;1,33E-17;1,33E-17;1,33E-17
1,1208;7,03E-12;1,22E-17;1,22E-17;1,22E-17
1,11923;6,10E-12;1,21E-17;1,21E-17;1,21E-17
1,11766;5,28E-12;1,24E-17;1,24E-17;1,24E-17
1,11609;4,57E-12;1,28E-17;1,28E-17;1,28E-17
1,11452;3,94E-12;1,19E-17;1,19E-17;1,19E-17
1,11295;3,39E-12;1,28E-17;1,28E-17;1,28E-17
1,11138;2,92E-12;1,30E-17;1,30E-17;1,30E-17
1,10981;2,50E-12;1,19E-17;1,19E-17;1,19E-17
1,10824;2,14E-12;1,27E-17;1,27E-17;1,27E-17
1,10667;1,83E-12;1,29E-17;1,29E-17;1,29E-17
1,1051;1,56E-12;1,16E-17;1,16E-17;1,16E-17
1,10353;1,32E-12;1,18E-17;1,18E-17;1,18E-17
1,10196;1,12E-12;1,19E-17;1,19E-17;1,19E-17
1,10039;9,47E-13;1,25E-17;1,25E-17;1,25E-17
1,09882;7,98E-13;1,23E-17;1,23E-17;1,23E-17
1,09725;6,71E-13;1,20E-17;1,20E-17;1,20E-17
1,09568;5,63E-13;1,19E-17;1,19E-17;1,19E-17
1,09411;4,71E-13;1,15E-17;1,15E-17;1,15E-17
1,09254;3,92E-13;1,19E-17;1,19E-17;1,19E-17
1,09097;3,26E-13;1,14E-17;1,14E-17;1,14E-17
1,0894;2,70E-13;1,09E-17;1,09E-17;1,09E-17
1,08783;2,23E-13;1,14E-17;1,14E-17;1,14E-17
1,08626;1,83E-13;1,19E-17;1,19E-17;1,19E-17
1,08469;1,50E-13;1,21E-17;1,21E-17;1,21E-17
1,08312;1,23E-13;1,17E-17;1,17E-17;1,17E-17
1,08155;9,98E-14;1,14E-17;1,14E-17;1,14E-17
1,07998;8,09E-14;1,17E-17;1,17E-17;1,17E-17
1,07841;6,53E-14;1,10E-17;1,10E-17;1,10E-17
1,07684;5,24E-14;1,19E-17;1,19E-17;1,19E-17
1,07527;4,19E-14;1,06E-17;1,06E-17;1,06E-17
1,0737;3,34E-14;1,10E-17;1,10E-17;1,10E-17
1,07213;2,64E-14;1,21E-17;1,21E-17;1,21E-17
1,07056;2,08E-14;1,12E-17;1,12E-17;1,12E-17
1,06899;1,63E-14;1,16E-17;1,16E-17;1,16E-17
1,06742;1,27E-14;1,08E-17;1,08E-17;1,08E-17
1,06585;9,88E-15;1,09E-17;1,09E-17;1,09E-17
1,06428;7,61E-15;9,46E-18;9,46E-18;9,46E-18
1,06271;5,83E-15;5,33E-18;5,33E-18;5,33E-18
1,06114;4,43E-15;4,61E-17;4,61E-17;4,61E-17
1,05957;3,34E-15;5,24E-17;5,24E-17;5,24E-17
1,058;2,51E-15;5,33E-17;5,33E-17;5,33E-17
1,05643;1,86E-15;5,32E-17;5,32E-17;5,32E-17
1,05486;1,37E-15;5,28E-17;5,28E-17;5,28E-17
1,05329;1,00E-15;5,29E-17;5,29E-17;5,29E-17
1,05172;7,28E-16;5,31E-17;5,31E-17;5,31E-17
1,05015;5,22E-16;5,28E-17;5,28E-17;5,28E-17
1,04858;3,71E-16;5,28E-17;5,28E-17;5,28E-17
1,04701;2,59E-16;5,33E-17;5,33E-17;5,33E-17
1,04544;1,80E-16;5,38E-17;5,38E-17;5,38E-17
1,04387;1,24E-16;5,36E-17;5,36E-17;5,36E-17
1,0423;8,65E-17;5,30E-17;5,30E-17;5,30E-17
1,04073;6,80E-17;5,37E-17;5,37E-17;5,37E-17
1,03916;5,99E-17;5,35E-17;5,35E-17;5,35E-17
1,03759;5,64E-17;5,39E-17;5,39E-17;5,39E-17
1,03602;5,40E-17;5,28E-17;5,28E-17;5,28E-17
1,03445;5,42E-17;5,39E-17;5,39E-17;5,39E-17
1,03288;5,45E-17;5,43E-17;5,43E-17;5,43E-17
1,03131;5,43E-17;5,42E-17;5,42E-17;5,42E-17
1,02974;5,37E-17;5,37E-17;5,37E-17;5,37E-17
1,02817;5,40E-17;5,40E-17;5,40E-17;5,40E-17
1,0266;5,44E-17;5,44E-17;5,44E-17;5,44E-17
1,02503;5,41E-17;5,41E-17;5,41E-17;5,41E-17
1,02346;5,40E-17;5,40E-17;5,40E-17;5,40E-17
1,02189;5,42E-17;5,42E-17;5,42E-17;5,42E-17
1,02032;5,47E-17;5,47E-17;5,47E-17;5,47E-17
1,01875;5,46E-17;5,46E-17;5,46E-17;5,46E-17
1,01718;5,43E-17;5,43E-17;5,43E-17;5,43E-17
1,01561;5,47E-17;5,47E-17;5,47E-17;5,47E-17
1,01404;5,51E-17;5,51E-17;5,51E-17;5,51E-17
1,01247;5,49E-17;5,49E-17;5,49E-17;5,49E-17
1,0109;5,46E-17;5,46E-17;5,46E-17;5,46E-17
1,00933;5,50E-17;5,50E-17;5,50E-17;5,50E-17
1,00776;5,52E-17;5,52E-17;5,52E-17;5,52E-17
1,00619;5,54E-17;5,54E-17;5,54E-17;5,54E-17
1,00462;5,47E-17;5,47E-17;5,47E-17;5,47E-17
1,00305;5,57E-17;5,57E-17;5,57E-17;5,57E-17
1,00148;5,54E-17;5,54E-17;5,54E-17;5,54E-17
0,99991;5,36E-17;5,36E-17;5,36E-17;5,36E-17
0,99834;2,77E-17;2,77E-17;2,77E-17;2,77E-17
0,99677;2,79E-17;2,79E-17;2,79E-17;2,79E-17
0,9952;2,78E-17;2,78E-17;2,78E-17;2,78E-17
0,99363;2,80E-17;2,80E-17;2,80E-17;2,80E-17
0,99206;2,79E-17;2,79E-17;2,79E-17;2,79E-17
0,99049;2,81E-17;2,81E-17;2,81E-17;2,81E-17
0,98892;2,80E-17;2,80E-17;2,80E-17;2,80E-17
0,98735;2,82E-17;2,82E-17;2,82E-17;2,82E-17
0,98578;2,81E-17;2,81E-17;2,81E-17;2,81E-17
0,98421;2,83E-17;2,83E-17;2,83E-17;2,83E-17
0,98264;2,82E-17;2,82E-17;2,82E-17;2,82E-17
0,98107;2,85E-17;2,85E-17;2,85E-17;2,85E-17
0,9795;2,84E-17;2,84E-17;2,84E-17;2,84E-17
0,97793;2,87E-17;2,87E-17;2,87E-17;2,87E-17
0,97636;2,86E-17;2,86E-17;2,86E-17;2,86E-17
0,97479;2,86E-17;2,86E-17;2,86E-17;2,86E-17
0,97322;2,86E-17;2,86E-17;2,86E-17;2,86E-17
0,97165;2,87E-17;2,87E-17;2,87E-17;2,87E-17
0,97008;2,88E-17;2,88E-17;2,88E-17;2,88E-17
0,96851;2,90E-17;2,90E-17;2,90E-17;2,90E-17
0,96694;2,93E-17;2,93E-17;2,93E-17;2,93E-17
0,96537;2,98E-17;2,95E-17;2,95E-17;2,95E-17
0,9638;3,02E-17;2,92E-17;2,92E-17;2,92E-17
0,96223;3,20E-17;2,95E-17;2,95E-17;2,95E-17
0,96066;3,54E-17;2,95E-17;2,95E-17;2,95E-17
0,95909;4,42E-17;2,91E-17;2,91E-17;2,91E-17
0,95752;6,29E-17;2,93E-17;2,93E-17;2,93E-17
0,95595;9,50E-17;2,97E-17;2,97E-17;2,97E-17
0,95438;1,40E-16;2,98E-17;2,98E-17;2,98E-17
0,95281;2,05E-16;2,96E-17;2,96E-17;2,96E-17
0,95124;2,96E-16;2,93E-17;2,93E-17;2,93E-17
0,94967;4,23E-16;2,95E-17;2,95E-17;2,95E-17
0,9481;5,96E-16;2,97E-17;2,97E-17;2,97E-17
0,94653;8,33E-16;2,98E-17;2,98E-17;2,98E-17
0,94496;1,15E-15;2,99E-17;2,99E-17;2,99E-17
0,94339;1,58E-15;2,97E-17;2,97E-17;2,97E-17
0,94182;2,14E-15;2,98E-17;2,98E-17;2,98E-17
0,94025;2,89E-15;3,02E-17;3,02E-17;3,02E-17
0,93868;3,86E-15;3,06E-17;3,06E-17;3,06E-17
0,93711;5,13E-15;2,63E-17;2,63E-17;2,63E-17
0,93554;6,76E-15;1,12E-17;1,12E-17;1,12E-17
0,93397;8,84E-15;1,05E-17;1,05E-17;1,05E-17
0,9324;1,15E-14;1,10E-17;1,10E-17;1,10E-17
0,93083;1,49E-14;1,10E-17;1,10E-17;1,10E-17
0,92926;1,91E-14;1,15E-17;1,15E-17;1,15E-17
0,92769;2,44E-14;1,18E-17;1,18E-17;1,18E-17
0,92612;3,11E-14;1,12E-17;1,12E-17;1,12E-17
0,92455;3,93E-14;1,14E-17;1,14E-17;1,14E-17
0,92298;4,95E-14;1,10E-17;1,10E-17;1,10E-17
0,92141;6,20E-14;1,10E-17;1,10E-17;1,10E-17
0,91984;7,74E-14;1,10E-17;1,10E-17;1,10E-17
0,91827;9,62E-14;1,07E-17;1,07E-17;1,07E-17
0,9167;1,19E-13;1,18E-17;1,18E-17;1,18E-17
0,91513;1,47E-13;1,19E-17;1,19E-17;1,19E-17
0,91356;1,80E-13;1,18E-17;1,18E-17;1,18E-17
0,91199;2,20E-13;1,17E-17;1,17E-17;1,17E-17
0,91042;2,68E-13;1,14E-17;1,14E-17;1,14E-17
0,90885;3,26E-13;1,20E-17;1,20E-17;1,20E-17
0,90728;3,94E-13;1,22E-17;1,22E-17;1,22E-17
0,90571;4,76E-13;1,10E-17;1,10E-17;1,10E-17
0,90414;5,72E-13;1,23E-17;1,23E-17;1,23E-17
0,90257;6,86E-13;1,14E-17;1,14E-17;1,14E-17
0,901;8,21E-13;1,29E-17;1,29E-17;1,29E-17
0,89943;9,78E-13;1,28E-17;1,28E-17;1,28E-17
0,89786;1,16E-12;1,27E-17;1,27E-17;1,27E-17
0,89629;1,38E-12;1,21E-17;1,21E-17;1,21E-17
0,89472;1,63E-12;1,16E-17;1,16E-17;1,16E-17
0,89315;1,93E-12;1,23E-17;1,23E-17;1,23E-17
0,89158;2,27E-12;1,23E-17;1,23E-17;1,23E-17
0,89001;2,66E-12;1,18E-17;1,18E-17;1,18E-17
0,88844;3,12E-12;1,29E-17;1,29E-17;1,29E-17
0,88687;3,65E-12;1,21E-17;1,21E-17;1,21E-17
0,8853;4,26E-12;1,29E-17;1,29E-17;1,29E-17
0,88373;4,96E-12;1,40E-17;1,40E-17;1,40E-17
0,88216;5,76E-12;1,49E-17;1,49E-17;1,49E-17
0,88059;6,68E-12;2,54E-17;2,54E-17;2,54E-17
0,87902;7,74E-12;2,70E-17;2,70E-17;2,70E-17
0,87745;8,94E-12;2,58E-17;2,58E-17;2,58E-17
0,87588;1,03E-11;2,37E-17;2,37E-17;2,37E-17
0,87431;1,19E-11;2,37E-17;2,37E-17;2,37E-17
0,87274;1,36E-11;2,69E-17;2,69E-17;2,69E-17
0,87117;1,56E-11;2,73E-17;2,73E-17;2,73E-17
0,8696;1,79E-11;2,46E-17;2,46E-17;2,46E-17
0,86803;2,05E-11;2,64E-17;2,64E-17;2,64E-17
0,86646;2,34E-11;2,67E-17;2,67E-17;2,67E-17
0,86489;2,67E-11;2,94E-17;2,94E-17;2,94E-17
0,86332;3,03E-11;2,58E-17;2,58E-17;2,58E-17
0,86175;3,45E-11;2,68E-17;2,68E-17;2,68E-17
0,86018;3,91E-11;2,40E-17;2,40E-17;2,40E-17
0,85861;4,43E-11;2,50E-17;2,50E-17;2,50E-17
0,85704;5,02E-11;2,50E-17;2,50E-17;2,50E-17
0,85547;5,67E-11;2,88E-17;2,88E-17;2,88E-17
0,8539;6,40E-11;2,61E-17;2,61E-17;2,61E-17
0,85233;7,22E-11;2,63E-17;2,63E-17;2,63E-17
0,85076;8,13E-11;2,91E-17;2,91E-17;2,91E-17
0,84919;9,14E-11;2,74E-17;2,74E-17;2,74E-17
0,84762;1,03E-10;2,91E-17;2,91E-17;2,91E-17
0,84605;1,15E-10;2,65E-17;2,65E-17;2,65E-17
0,84448;1,29E-10;2,58E-17;2,58E-17;2,58E-17
0,84291;1,44E-10;2,50E-17;2,50E-17;2,50E-17
0,84134;1,62E-10;2,66E-17;2,66E-17;2,66E-17
0,83977;1,80E-10;2,99E-17;2,99E-17;2,99E-17
0,8382;2,01E-10;2,60E-17;2,60E-17;2,60E-17
0,83663;2,24E-10;2,76E-17;2,76E-17;2,76E-17
0,83506;2,50E-10;2,99E-17;2,99E-17;2,99E-17
0,83349;2,78E-10;2,65E-17;2,65E-17;2,65E-17
0,83192;3,09E-10;2,77E-17;2,77E-17;2,77E-17
0,83035;3,43E-10;2,80E-17;2,80E-17;2,80E-17
0,82878;3,80E-10;2,65E-17;2,65E-17;2,65E-17
0,82721;4,21E-10;2,65E-17;2,65E-17;2,65E-17
0,82564;4,66E-10;2,78E-17;2,78E-17;2,78E-17
0,82407;5,16E-10;2,92E-17;2,92E-17;2,92E-17
0,8225;5,70E-10;2,62E-17;2,62E-17;2,62E-17
0,82093;6,29E-10;2,70E-17;2,70E-17;2,70E-17
0,81936;6,94E-10;3,16E-17;3,16E-17;3,16E-17
0,81779;7,65E-10;2,87E-17;2,87E-17;2,87E-17
0,81622;8,42E-10;2,82E-17;2,82E-17;2,82E-17
0,81465;9,27E-10;2,80E-17;2,80E-17;2,80E-17
0,81308;1,02E-09;2,77E-17;2,77E-17;2,77E-17
0,81151;1,12E-09;2,79E-17;2,79E-17;2,79E-17
0,80994;1,23E-09;2,91E-17;2,91E-17;2,91E-17
0,80837;1,35E-09;2,95E-17;2,95E-17;2,95E-17
0,8068;1,48E-09;2,92E-17;2,92E-17;2,92E-17
0,80523;1,62E-09;2,67E-17;2,67E-17;2,67E-17
0,80366;1,77E-09;3,18E-17;3,18E-17;3,18E-17
0,80209;1,94E-09;3,11E-17;3,11E-17;3,11E-17
0,80052;2,12E-09;2,84E-17;2,84E-17;2,84E-17
0,79895;2,32E-09;2,90E-17;2,90E-17;2,90E-17
0,79738;2,53E-09;2,87E-17;2,87E-17;2,87E-17
0,79581;2,76E-09;3,05E-17;3,05E-17;3,05E-17
0,79424;3,01E-09;2,97E-17;2,97E-17;2,97E-17
0,79267;3,28E-09;3,31E-17;3,31E-17;3,31E-17
0,7911;3,57E-09;2,89E-17;2,89E-17;2,89E-17
0,78953;3,88E-09;3,02E-17;3,02E-17;3,02E-17
0,78796;4,22E-09;3,28E-17;3,28E-17;3,28E-17
0,78639;4,59E-09;3,07E-17;3,07E-17;3,07E-17
0,78482;4,98E-09;2,91E-17;2,91E-17;2,91E-17
0,78325;5,41E-09;2,80E-17;2,80E-17;2,80E-17
0,78168;5,87E-09;3,06E-17;3,06E-17;3,06E-17
0,78011;6,36E-09;3,10E-17;3,10E-17;3,10E-17
0,77854;6,89E-09;3,39E-17;3,39E-17;3,39E-17
0,77697;7,46E-09;5,79E-17;5,79E-17;5,79E-17
0,7754;8,08E-09;5,77E-17;5,77E-17;5,77E-17
0,77383;8,74E-09;5,51E-17;5,51E-17;5,51E-17
0,77226;9,45E-09;6,12E-17;6,12E-17;6,12E-17
0,77069;1,02E-08;6,58E-17;6,58E-17;6,58E-17
0,76912;1,10E-08;5,60E-17;5,60E-17;5,60E-17
0,76755;1,19E-08;6,36E-17;6,36E-17;6,36E-17
0,76598;1,29E-08;6,21E-17;6,21E-17;6,21E-17
0,76441;1,39E-08;6,55E-17;6,55E-17;6,55E-17
0,76284;1,49E-08;5,77E-17;5,77E-17;5,77E-17
0,76127;1,61E-08;6,10E-17;6,10E-17;6,10E-17
0,7597;1,73E-08;6,24E-17;6,24E-17;6,24E-17
0,75813;1,87E-08;6,19E-17;6,19E-17;6,19E-17
0,75656;2,01E-08;6,68E-17;6,68E-17;6,68E-17
0,75499;2,16E-08;6,67E-17;6,67E-17;6,67E-17
0,75342;2,32E-08;6,14E-17;6,14E-17;6,14E-17
0,75185;2,50E-08;6,12E-17;6,12E-17;6,12E-17
0,75028;2,68E-08;6,34E-17;6,34E-17;6,34E-17
0,74871;2,88E-08;6,08E-17;6,08E-17;6,08E-17
0,74714;3,09E-08;6,00E-17;6,00E-17;6,00E-17
0,74557;3,31E-08;6,02E-17;6,02E-17;6,02E-17
0,744;3,55E-08;6,52E-17;6,52E-17;6,52E-17
0,74243;3,81E-08;6,91E-17;6,91E-17;6,91E-17
0,74086;4,08E-08;6,68E-17;6,68E-17;6,68E-17
0,73929;4,37E-08;6,00E-17;6,00E-17;6,00E-17
0,73772;4,68E-08;6,57E-17;6,13E-17;6,13E-17
0,73615;5,01E-08;7,16E-17;6,11E-17;6,11E-17
0,73458;5,36E-08;6,91E-17;6,44E-17;6,44E-17
0,73301;5,73E-08;8,05E-17;5,85E-17;5,85E-17
0,73144;6,12E-08;8,33E-17;6,16E-17;6,16E-17
0,72987;6,54E-08;9,71E-17;6,54E-17;6,54E-17
0,7283;6,98E-08;1,00E-16;6,78E-17;6,78E-17
0,72673;7,46E-08;1,14E-16;7,31E-17;7,31E-17
0,72516;7,96E-08;1,36E-16;6,48E-17;6,48E-17
0,72359;8,49E-08;1,49E-16;6,21E-17;6,21E-17
0,72202;9,06E-08;1,71E-16;5,96E-17;5,96E-17
0,72045;9,66E-08;2,02E-16;6,49E-17;6,49E-17
0,71888;1,03E-07;2,30E-16;6,31E-17;6,31E-17
0,71731;1,10E-07;2,67E-16;6,33E-17;6,33E-17
0,71574;1,17E-07;3,05E-16;6,67E-17;6,67E-17
0,71417;1,24E-07;3,58E-16;7,01E-17;7,01E-17
0,7126;1,32E-07;4,14E-16;7,57E-17;7,57E-17
0,71103;1,41E-07;4,75E-16;6,89E-17;6,89E-17
0,70946;1,50E-07;5,51E-16;6,41E-17;6,41E-17
0,70789;1,59E-07;6,36E-16;6,65E-17;6,65E-17
0,70632;1,69E-07;7,30E-16;6,51E-17;6,51E-17
0,70475;1,80E-07;8,42E-16;6,51E-17;6,51E-17
0,70318;1,91E-07;9,69E-16;6,69E-17;6,69E-17
0,70161;2,03E-07;1,12E-15;7,60E-17;7,60E-17
0,70004;2,16E-07;1,28E-15;7,48E-17;7,48E-17
0,69847;2,29E-07;1,47E-15;6,36E-17;6,36E-17
0,6969;2,43E-07;1,69E-15;6,36E-17;6,36E-17
0,69533;2,57E-07;1,94E-15;6,42E-17;6,42E-17
0,69376;2,73E-07;2,22E-15;6,79E-17;6,79E-17
0,69219;2,89E-07;2,53E-15;6,12E-17;6,12E-17
0,69062;3,07E-07;2,91E-15;7,51E-17;7,51E-17
0,68905;3,25E-07;3,32E-15;6,83E-17;6,83E-17
0,68748;3,44E-07;3,79E-15;7,76E-17;7,76E-17
0,68591;3,65E-07;4,33E-15;7,02E-17;7,02E-17
0,68434;3,86E-07;4,94E-15;6,68E-17;6,68E-17
0,68277;4,09E-07;5,64E-15;6,51E-17;6,51E-17
0,6812;4,32E-07;6,42E-15;6,84E-17;6,84E-17
0,67963;4,57E-07;7,32E-15;6,67E-17;6,67E-17
0,67806;4,84E-07;8,33E-15;6,98E-17;6,98E-17
0,67649;5,11E-07;9,48E-15;6,84E-17;6,84E-17
0,67492;5,40E-07;1,08E-14;7,76E-17;7,76E-17
0,67335;5,71E-07;1,22E-14;7,34E-17;7,34E-17
0,67178;6,03E-07;1,39E-14;7,07E-17;7,07E-17
0,67021;6,37E-07;1,58E-14;7,12E-17;7,12E-17
0,66864;6,73E-07;1,79E-14;7,02E-17;7,02E-17
0,66707;7,10E-07;2,03E-14;6,56E-17;6,56E-17
0,6655;7,50E-07;2,30E-14;6,86E-17;6,86E-17
0,66393;7,91E-07;2,60E-14;8,13E-17;8,13E-17
0,66236;8,35E-07;2,95E-14;8,14E-17;8,14E-17
0,66079;8,80E-07;3,33E-14;8,34E-17;8,34E-17
0,65922;9,28E-07;3,77E-14;7,07E-17;7,07E-17
0,65765;9,79E-07;4,26E-14;6,68E-17;6,68E-17
0,65608;1,03E-06;4,81E-14;7,08E-17;7,08E-17
0,65451;1,09E-06;5,42E-14;7,11E-17;7,11E-17
0,65294;1,14E-06;6,12E-14;7,00E-17;7,00E-17
0,65137;1,21E-06;6,90E-14;7,81E-17;7,81E-17
0,6498;1,27E-06;7,77E-14;8,65E-17;8,65E-17
0,64823;1,34E-06;8,75E-14;7,41E-17;7,41E-17
0,64666;1,41E-06;9,85E-14;7,20E-17;7,20E-17
0,64509;1,48E-06;1,11E-13;7,10E-17;7,10E-17
0,64352;1,56E-06;1,25E-13;6,84E-17;6,84E-17
0,64195;1,64E-06;1,40E-13;7,01E-17;7,01E-17
0,64038;1,72E-06;1,57E-13;7,92E-17;7,92E-17
0,63881;1,81E-06;1,77E-13;7,73E-17;7,73E-17
0,63724;1,91E-06;1,98E-13;7,63E-17;7,63E-17
0,63567;2,00E-06;2,22E-13;7,39E-17;7,39E-17
0,6341;2,10E-06;2,49E-13;6,98E-17;6,98E-17
0,63253;2,21E-06;2,79E-13;7,77E-17;7,77E-17
0,63096;2,32E-06;3,13E-13;7,09E-17;7,09E-17
0,62939;2,44E-06;3,50E-13;7,64E-17;7,64E-17
0,62782;2,56E-06;3,92E-13;8,89E-17;8,89E-17
0,62625;2,69E-06;4,39E-13;7,51E-17;7,51E-17
0,62468;2,82E-06;4,90E-13;7,44E-17;7,44E-17
0,62311;2,96E-06;5,48E-13;7,32E-17;7,32E-17
0,62154;3,11E-06;6,12E-13;7,54E-17;7,54E-17
0,61997;3,26E-06;6,83E-13;7,23E-17;7,23E-17
0,6184;3,42E-06;7,63E-13;7,96E-17;7,96E-17
0,61683;3,58E-06;8,51E-13;9,15E-17;9,15E-17
0,61526;3,76E-06;9,49E-13;6,96E-17;6,96E-17
0,61369;3,94E-06;1,06E-12;7,27E-17;7,27E-17
0,61212;4,13E-06;1,18E-12;7,31E-17;7,31E-17
0,61055;4,33E-06;1,31E-12;7,64E-17;7,64E-17
0,60898;4,53E-06;1,46E-12;7,71E-17;7,71E-17
0,60741;4,75E-06;1,63E-12;7,92E-17;7,92E-17
0,60584;4,97E-06;1,81E-12;1,16E-16;1,16E-16
0,60427;5,21E-06;2,01E-12;1,44E-16;1,44E-16
0,6027;5,45E-06;2,23E-12;1,57E-16;1,57E-16
0,60113;5,71E-06;2,48E-12;1,67E-16;1,67E-16
0,59956;5,97E-06;2,76E-12;1,63E-16;1,63E-16
0,59799;6,25E-06;3,06E-12;1,58E-16;1,58E-16
0,59642;6,54E-06;3,39E-12;1,44E-16;1,44E-16
0,59485;6,84E-06;3,77E-12;1,48E-16;1,48E-16
0,59328;7,16E-06;4,17E-12;1,51E-16;1,51E-16
0,59171;7,49E-06;4,63E-12;1,66E-16;1,66E-16
0,59014;7,83E-06;5,13E-12;1,51E-16;1,51E-16
0,58857;8,18E-06;5,68E-12;1,59E-16;1,59E-16
0,587;8,55E-06;6,29E-12;1,47E-16;1,47E-16
0,58543;8,94E-06;6,96E-12;1,54E-16;1,54E-16
0,58386;9,34E-06;7,70E-12;1,51E-16;1,51E-16
0,58229;9,76E-06;8,51E-12;1,67E-16;1,67E-16
0,58072;1,02E-05;9,41E-12;1,72E-16;1,72E-16
0,57915;1,07E-05;1,04E-11;1,55E-16;1,55E-16
0,57758;1,11E-05;1,15E-11;1,66E-16;1,66E-16
0,57601;1,16E-05;1,27E-11;1,62E-16;1,62E-16
0,57444;1,21E-05;1,40E-11;1,47E-16;1,47E-16
0,57287;1,27E-05;1,54E-11;1,62E-16;1,62E-16
0,5713;1,32E-05;1,70E-11;1,80E-16;1,80E-16
0,56973;1,38E-05;1,88E-11;1,61E-16;1,61E-16
0,56816;1,44E-05;2,07E-11;1,54E-16;1,54E-16
0,56659;1,50E-05;2,28E-11;1,67E-16;1,67E-16
0,56502;1,57E-05;2,51E-11;1,53E-16;1,53E-16
0,56345;1,63E-05;2,77E-11;1,56E-16;1,56E-16
0,56188;1,70E-05;3,05E-11;1,83E-16;1,83E-16
0,56031;1,78E-05;3,36E-11;1,57E-16;1,57E-16
0,55874;1,85E-05;3,69E-11;1,59E-16;1,59E-16
0,55717;1,93E-05;4,06E-11;1,57E-16;1,57E-16
0,5556;2,01E-05;4,46E-11;1,56E-16;1,56E-16
0,55403;2,10E-05;4,91E-11;1,58E-16;1,58E-16
0,55246;2,19E-05;5,39E-11;1,84E-16;1,84E-16
0,55089;2,28E-05;5,92E-11;1,56E-16;1,56E-16
0,54932;2,37E-05;6,50E-11;1,63E-16;1,63E-16
0,54775;2,47E-05;7,14E-11;1,50E-16;1,50E-16
0,54618;2,57E-05;7,83E-11;1,60E-16;1,60E-16
0,54461;2,68E-05;8,59E-11;1,70E-16;1,70E-16
0,54304;2,79E-05;9,42E-11;2,01E-16;2,01E-16
0,54147;2,91E-05;1,03E-10;1,61E-16;1,61E-16
0,5399;3,02E-05;1,13E-10;1,76E-16;1,76E-16
0,53833;3,15E-05;1,24E-10;1,65E-16;1,65E-16
0,53676;3,28E-05;1,36E-10;1,57E-16;1,57E-16
0,53519;3,41E-05;1,49E-10;1,69E-16;1,69E-16
0,53362;3,55E-05;1,63E-10;1,90E-16;1,90E-16
0,53205;3,69E-05;1,78E-10;1,63E-16;1,63E-16
0,53048;3,84E-05;1,95E-10;1,64E-16;1,64E-16
0,52891;3,99E-05;2,13E-10;1,64E-16;1,64E-16
0,52734;4,15E-05;2,33E-10;1,83E-16;1,83E-16
0,52577;4,32E-05;2,55E-10;1,76E-16;1,76E-16
0,5242;4,49E-05;2,79E-10;1,70E-16;1,70E-16
0,52263;4,67E-05;3,05E-10;1,73E-16;1,73E-16
0,52106;4,85E-05;3,33E-10;1,69E-16;1,69E-16
0,51949;5,05E-05;3,64E-10;1,74E-16;1,74E-16
0,51792;5,24E-05;3,97E-10;1,84E-16;1,84E-16
0,51635;5,45E-05;4,33E-10;1,63E-16;1,63E-16
0,51478;5,66E-05;4,73E-10;1,78E-16;1,78E-16
0,51321;5,88E-05;5,16E-10;1,73E-16;1,73E-16
0,51164;6,11E-05;5,62E-10;1,64E-16;1,64E-16
0,51007;6,35E-05;6,13E-10;1,92E-16;1,92E-16
0,5085;6,59E-05;6,68E-10;1,69E-16;1,69E-16
0,50693;6,85E-05;7,28E-10;1,65E-16;1,65E-16
0,50536;7,11E-05;7,93E-10;1,83E-16;1,83E-16
0,50379;7,38E-05;8,64E-10;1,68E-16;1,68E-16
0,50222;7,67E-05;9,41E-10;1,88E-16;1,88E-16
0,50065;7,96E-05;1,02E-09;1,76E-16;1,76E-16
0,49908;8,26E-05;1,11E-09;1,84E-16;1,84E-16
0,49751;8,57E-05;1,21E-09;1,78E-16;1,78E-16
0,49594;8,90E-05;1,32E-09;1,86E-16;1,86E-16
0,49437;9,23E-05;1,44E-09;1,84E-16;1,84E-16
0,4928;9,58E-05;1,56E-09;1,70E-16;1,70E-16
0,49123;9,94E-05;1,70E-09;1,68E-16;1,68E-16
0,48966;1,03E-04;1,84E-09;1,72E-16;1,72E-16
0,48809;1,07E-04;2,00E-09;1,64E-16;1,64E-16
0,48652;1,11E-04;2,18E-09;1,80E-16;1,80E-16
0,48495;1,15E-04;2,36E-09;1,88E-16;1,88E-16
0,48338;1,19E-04;2,57E-09;1,80E-16;1,80E-16
0,48181;1,24E-04;2,78E-09;1,88E-16;1,88E-16
0,48024;1,28E-04;3,02E-09;2,13E-16;1,90E-16
0,47867;1,33E-04;3,28E-09;2,27E-16;1,77E-16
0,4771;1,38E-04;3,56E-09;2,25E-16;1,80E-16
0,47553;1,43E-04;3,86E-09;2,15E-16;1,72E-16
0,47396;1,48E-04;4,18E-09;2,40E-16;1,74E-16
0,47239;1,53E-04;4,53E-09;3,06E-16;1,84E-16
0,47082;1,59E-04;4,91E-09;3,20E-16;1,93E-16
0,46925;1,65E-04;5,32E-09;3,62E-16;1,91E-16
0,46768;1,71E-04;5,77E-09;4,36E-16;1,93E-16
0,46611;1,77E-04;6,25E-09;4,91E-16;1,84E-16
0,46454;1,83E-04;6,76E-09;5,61E-16;1,91E-16
0,46297;1,90E-04;7,32E-09;6,48E-16;1,96E-16
0,4614;1,96E-04;7,93E-09;7,70E-16;1,89E-16
0,45983;2,03E-04;8,58E-09;8,82E-16;1,82E-16
0,45826;2,11E-04;9,28E-09;1,03E-15;2,00E-16
0,45669;2,18E-04;1,00E-08;1,20E-15;1,80E-16
0,45512;2,26E-04;1,09E-08;1,38E-15;1,83E-16
0,45355;2,34E-04;1,17E-08;1,62E-15;1,83E-16
0,45198;2,42E-04;1,27E-08;1,88E-15;2,07E-16
0,45041;2,50E-04;1,37E-08;2,19E-15;1,92E-16
0,44884;2,59E-04;1,48E-08;2,53E-15;1,78E-16
0,44727;2,68E-04;1,60E-08;2,94E-15;1,84E-16
0,4457;2,78E-04;1,73E-08;3,40E-15;1,98E-16
0,44413;2,87E-04;1,87E-08;3,95E-15;1,95E-16
0,44256;2,97E-04;2,02E-08;4,58E-15;1,78E-16
0,44099;3,07E-04;2,18E-08;5,31E-15;1,79E-16
0,43942;3,18E-04;2,35E-08;6,15E-15;2,22E-16
0,43785;3,29E-04;2,54E-08;7,11E-15;1,94E-16
0,43628;3,40E-04;2,74E-08;8,23E-15;1,91E-16
0,43471;3,52E-04;2,95E-08;9,52E-15;1,85E-16
0,43314;3,64E-04;3,18E-08;1,10E-14;2,32E-16
0,43157;3,76E-04;3,43E-08;1,27E-14;1,91E-16
